,count,mean,std,min,25%,50%,75%,max
v0,17664.0,-0.0006738421529703889,0.005204513650771248,-0.0355157398774928,0.0001302945518639,0.0003567684508159,0.0006619262095075001,0.0167857252622888
v1,17664.0,-0.00039999375965199324,0.002368716799434659,-0.0187818329389884,5.469303611198295e-05,0.00020581017100249998,0.00035217108229942495,0.0084775626243476
v2,17664.0,-0.0003318531116274866,0.001435229410020666,-0.0093102321516943,-0.000459482165897625,0.0001210412489067,0.000234536691771975,0.0048326440475439
v3,17664.0,-0.0003426791381768793,0.0010612786293045175,-0.0073822865248483,-0.00079408278748775,-3.84736215067183e-07,0.00018540075436667498,0.0032823999877231
v4,17664.0,-0.0003432642060753477,0.000869589106219377,-0.0065476770827313,-0.0008093929371399,-0.00016770583283155002,0.00019342790147292498,0.0025488502568834
v5,17664.0,-0.00034002664349558505,0.0007452265094951084,-0.0043418218552042,-0.0007629890666577749,-0.00029044269589319997,0.000210855422778425,0.0021768184613042
v6,17664.0,-0.00034961872985173975,0.0007215794505882501,-0.0040030164088643,-0.000785075736982575,-0.00025346562475440004,0.000217967110840075,0.0020275446407039
v7,17664.0,-0.000349687254785505,0.0007598486412261819,-0.0051484345580178,-0.000783769756017275,-0.0002621966932423,0.0001977937965296,0.002034096650781
v8,17664.0,-0.00034927723026790365,0.0008829930249361337,-0.0064681796817627,-0.000803485553538875,-0.00011897064987145001,0.0001708137442545,0.0026954254169716
v9,17664.0,-0.0003503834173192371,0.0010450035160850329,-0.0071807050251561,-0.000751266035547625,2.414432263137152e-05,0.00018405177028854998,0.0026340922833999
v10,17664.0,-0.000354626577377868,0.0014319536208294214,-0.0086590142181193,-0.0005119520118508499,0.00011180318477545,0.00023714668644755,0.005500299922732
v11,17664.0,-0.00045430568855977306,0.0023505766006046967,-0.0177082646513213,2.5054527377997224e-05,0.00019843342327165,0.000347017606092025,0.0052573678288822
v12,17664.0,-0.0006491088456304676,0.004868597005478068,-0.036980770360275,0.000130297400078775,0.00036434504702144996,0.000616522401782425,0.0099045150997736
v13,17664.0,-0.0007536356391388053,0.005181788012234292,-0.0439790089438684,0.000134431928124225,0.00033831468158635,0.000633100935389725,0.0051465429908739
v14,17664.0,-0.000429798682978404,0.002417702955108829,-0.0172470242882638,5.342583749105151e-05,0.00020810762103794998,0.0003469413525385,0.0083291430566402
v15,17664.0,-0.000383073094687512,0.0015286276364115867,-0.010960427692582,-0.000476247787381975,0.00011587723902285,0.0002229709528453,0.0044253970063352
v16,17664.0,-0.0003615669392934811,0.0011142330104278713,-0.0081439940612606,-0.000741923386186975,0.0,0.0001887510647444,0.0028518405539326
v17,17664.0,-0.0003481338083216475,0.0008747539635841336,-0.0067227371091072,-0.00079984119672665,-0.000156871424971,0.00019149545299610002,0.0024454265611075
v18,17664.0,-0.00035700006377373353,0.0007842427311392615,-0.0060806038376995,-0.0007440969957629,-0.0002832585796636,0.00020081102329815,0.0017338435640309
v19,17664.0,-0.00035581634378311977,0.0007720608662904583,-0.0059368019375006,-0.00077000670329195,-0.00031025728311240004,0.00021362505175835,0.0015543001563088
v20,17664.0,-0.00035487417992672405,0.0008272875224602075,-0.0063036723143998,-0.00077909407732135,-0.00025166986694419996,0.000190363551654925,0.002323838047053
v21,17664.0,-0.00035319929144602373,0.0009105791604232634,-0.0072520803220126,-0.0007989594806387,-0.0001165064845368,0.0001813482507391,0.0017066683268045
v22,17664.0,-0.00034857952166076245,0.001115296675597428,-0.009184424854886,-0.000756648585377175,2.8999050550858677e-05,0.00018303737216685,0.0038080588520173
v23,17664.0,-0.0003890668417778466,0.001582533228921729,-0.0132500708698852,-0.00047406892510575,0.00012096028844415,0.000229107204080425,0.0027941994442113
v24,17664.0,-0.00041785347095746924,0.0024632769625642583,-0.0229206136205744,6.3639312529052e-05,0.0002040864850835,0.00035258179337245,0.0057780754845204
v25,17664.0,-0.000761117529111372,0.0054330726295074554,-0.0560943062186011,0.000138034055377825,0.0003548927388739,0.000695099230171525,0.0055284571927926
v26,17664.0,-0.0006738421529705065,0.005204513650771263,-0.0355157398774931,0.000130294551863825,0.00035676845081565004,0.0006619262095074,0.0167857252622885
v27,17664.0,-0.0007292746386078344,0.005115841949291107,-0.045551037319321,0.000135876388001075,0.00035901438452475,0.000619203400928575,0.0063941623921669
v28,17664.0,-0.00046238975519402863,0.0024362829800754116,-0.0194428312930499,2.175887884693986e-05,0.00019338726827505,0.00033742144259982503,0.0045626466849498
v29,17664.0,-0.00038075507014329176,0.0015065189421920972,-0.0114864975244839,-0.000463708983221475,0.00011295866294055,0.000225473729773925,0.0035604302800811
v30,17664.0,-0.000345266289012495,0.0010484896649502421,-0.0080652713148208,-0.000787046087540425,4.835858535209847e-07,0.00018201186321415,0.0031515910257281
v31,17664.0,-0.00035265987017345257,0.0008538560034794147,-0.0064019443266709,-0.0007797671674176501,-0.00016708953486335,0.00017855109498155001,0.0015005475162123
v32,17664.0,-0.00034998469776761513,0.0007786688544410697,-0.0055774280625367,-0.000772726138885925,-0.0002484498328212,0.0001891026384638,0.0014281606554737
v33,17664.0,-0.00034883561216618453,0.0007687083269930032,-0.0053347308583991,-0.000752415508551425,-0.00028812166999104996,0.0002002643698744,0.0021746815724558
v34,17664.0,-0.00034632387417722187,0.0007829803282175187,-0.0054943265785791,-0.0007530083985968,-0.00026435379874990004,0.000189639813143925,0.0016482262680476
v35,17664.0,-0.0003388049525588938,0.0008656161809951193,-0.0060331087493905,-0.000757664149808375,-0.00014729036900684999,0.000178322596173825,0.002969758402151
v36,17664.0,-0.0003578225367959309,0.0011003267746431007,-0.0085505051566769,-0.0007278607992459749,2.6567959028455518e-06,0.00019173912944929998,0.0027475814442335
v37,17664.0,-0.0003429240764989976,0.0014310069226185628,-0.0099687425525284,-0.00036953616523315003,0.00012170768719084999,0.0002284389692778,0.0043172009740948
v38,17664.0,-0.0004297829616142422,0.0023408890151212416,-0.0157661403953186,6.981164992315644e-05,0.00020827869781855,0.00034911380709227503,0.0082587605334548
v39,17664.0,-0.0003999937596519896,0.0023687167994346555,-0.0187818329389884,5.469303611193785e-05,0.00020581017100249998,0.00035217108229942495,0.0084775626243476
v40,17664.0,-0.0007536356391387989,0.0051817880122342775,-0.0439790089438683,0.000134431928124125,0.00033831468158635,0.000633100935389725,0.0051465429908739
v41,17664.0,-0.0007852994282716204,0.005287587369726298,-0.0413290416442158,0.00013573808387774998,0.00035269621345280003,0.0006284687135242001,0.0057670214664307
v42,17664.0,-0.00045167437892223446,0.002415681098003397,-0.0167320469522877,3.9470160897833034e-05,0.00020937837291565,0.000346851720716975,0.0077336003421846
v43,17664.0,-0.0003475056449901136,0.0014258211206385066,-0.0095106849936349,-0.00048053865413607503,0.00011423645118995,0.000238481876801675,0.0046251515591124
v44,17664.0,-0.0003477471491348204,0.0010330091134802977,-0.0070143836202352,-0.000723578979035725,0.0,0.00019284527404385,0.0026648353047518
v45,17664.0,-0.00034179341205669547,0.000865856601509516,-0.0061342264024702,-0.000775013016509575,-0.00011767649256585,0.00018350641092525,0.0019695758442241
v46,17664.0,-0.0003410081545876708,0.0007867783712034327,-0.0054588060632385,-0.0007508283507555249,-0.00026928534613275003,0.00018638381753969998,0.0021986021331909
v47,17664.0,-0.00033979766521774387,0.000748832544892895,-0.0054300530173688,-0.0007389859098036,-0.0002725814022154,0.0002000421263189,0.00155792253728
v48,17664.0,-0.00033339395218782725,0.0007590602385980343,-0.005345439413132,-0.0007435124628772,-0.00025400431054230005,0.000192125433111125,0.002546300211611
v49,17664.0,-0.00034670049903686215,0.000886772582284305,-0.007089480948604,-0.000765427271814475,-0.00018224855506214998,0.000180803531763825,0.0014931462471847
v50,17664.0,-0.0003241938189580773,0.0010191583098910087,-0.0077295020296318,-0.000728697425982925,0.0,0.00018821737615075,0.002139370380708
v51,17664.0,-0.00035365220503878866,0.0014326776889172694,-0.0110268579262853,-0.000385444597032125,0.0001197223374238,0.0002271953304393,0.0030747690974831
v52,17664.0,-0.00033185311162748857,0.0014352294100206662,-0.0093102321516943,-0.000459482165897625,0.00012104124890675,0.000234536691771975,0.0048326440475439
v53,17664.0,-0.0004297986829783903,0.002417702955108828,-0.0172470242882638,5.3425837491072325e-05,0.0002081076210379,0.0003469413525385,0.0083291430566403
v54,17664.0,-0.0007292746386078483,0.0051158419492911165,-0.0455510373193211,0.00013587638800090002,0.00035901438452465,0.0006192034009285499,0.0063941623921668
v55,17664.0,-0.000752743889047711,0.005220874036414179,-0.0431339682038242,0.00013457228716019998,0.0003438328979674,0.0006355406454854749,0.0094683324552907
v56,17664.0,-0.00038633013071932967,0.0023249968350072397,-0.0184411536830941,2.8370643495374825e-05,0.00021078161147275,0.00034683276674355,0.0080883625619255
v57,17664.0,-0.0003539694155178431,0.0014281945067465185,-0.0108130360330196,-0.000428785975576675,0.00011486266263095,0.00023176019641994998,0.0035620345150251
v58,17664.0,-0.00033529628188727156,0.001070093222531656,-0.0077617867088548,-0.000748554939478,1.8685556239987286e-05,0.0001874023512897,0.0024214513886452
v59,17664.0,-0.00033255148836623015,0.0008802701258981281,-0.0060476065770941,-0.000797164979786225,-0.0001642730979458,0.00018302771526282498,0.0024035200151525
v60,17664.0,-0.00033294133926123175,0.0007799712362730228,-0.0058035938197377,-0.0007511057608964001,-0.00025838672394335,0.00019609513690897501,0.0016712356937801
v61,17664.0,-0.0003288481671957502,0.0007277438229711342,-0.0049647586546059,-0.000737063794092375,-0.0002771663890361,0.0002172245011395,0.0023759304271541
v62,17664.0,-0.00034206789672965195,0.0007901319545991029,-0.006432976365693,-0.0007359454760859,-0.00026477147029455,0.00020426216367840002,0.0016437607992555
v63,17664.0,-0.00032031080521849716,0.0008217437611848501,-0.0056441888107953,-0.0007457850378982,-0.0001272877028719,0.00019018191109655,0.0019916295392439
v64,17664.0,-0.00033354588767423645,0.0010336234985765828,-0.0068711307740195,-0.000707017116739025,1.3658388090045936e-06,0.00019194768197065002,0.0027015903500279
v65,17664.0,-0.0003426791381769017,0.0010612786293045175,-0.0073822865248483,-0.00079408278748785,-3.847362150810608e-07,0.00018540075436667498,0.0032823999877231
v66,17664.0,-0.0003830730946875986,0.0015286276364115876,-0.0109604276925821,-0.00047624778738215,0.00011587723902275,0.0002229709528452,0.0044253970063351
v67,17664.0,-0.0004623897551940311,0.00243628298007542,-0.01944283129305,2.1758878846919044e-05,0.00019338726827505,0.00033742144259975,0.0045626466849498
v68,17664.0,-0.0007852994282715805,0.005287587369726291,-0.0413290416442158,0.000135738083877825,0.00035269621345285,0.0006284687135243001,0.0057670214664308
v69,17664.0,-0.0006857562587348432,0.005101557615078655,-0.038319987248217,0.0001292127084959,0.00035905970724425004,0.0006487354776164749,0.0153787155439363
v70,17664.0,-0.000459477209357274,0.002369162278118989,-0.0143855688626859,5.782545962940145e-05,0.00020839136081679999,0.00034654329468995,0.0080453797850803
v71,17664.0,-0.0003739315197425122,0.0015189927225116465,-0.0111309398750694,-0.000385651113571625,0.0001182436920379,0.000242581997006475,0.0041976895662086
v72,17664.0,-0.00035044822714546596,0.0011018323293503214,-0.0073176695601777,-0.000735748742494675,0.0,0.000195072003964975,0.002861970757744
v73,17664.0,-0.0003455543373034155,0.0008964950447262449,-0.0067399675222712,-0.000761218157333375,-0.00014304371674315,0.000178771715509775,0.0019500808622096
v74,17664.0,-0.0003412255737443217,0.0007682018042463455,-0.0049697298908398,-0.000739064649601975,-0.0002608733097371,0.00018948147936015,0.002389911939635
v75,17664.0,-0.0003560571339272338,0.0007775136867264255,-0.0063046762831227,-0.000740988277525275,-0.00029901842670345,0.0002081346980896,0.0014293031619021
v76,17664.0,-0.0003377973800989492,0.0007463957571620179,-0.0051039074527041,-0.00074967414344195,-0.00024713667810355,0.00019810928816995,0.0014341313513018
v77,17664.0,-0.0003503072385083155,0.0008622247685672321,-0.0058623736162523,-0.0007712235211328,-0.00017956720043095,0.000184110118608625,0.0014485814647435
v78,17664.0,-0.0003432642060753454,0.000869589106219375,-0.0065476770827312,-0.0008093929371399,-0.00016770583283155002,0.00019342790147292498,0.0025488502568834
v79,17664.0,-0.00036156693929346095,0.0011142330104278663,-0.0081439940612605,-0.000741923386186875,0.0,0.0001887510647444,0.0028518405539327
v80,17664.0,-0.0003807550701433034,0.0015065189421920996,-0.0114864975244839,-0.000463708983221475,0.00011295866294049999,0.000225473729773925,0.0035604302800811
v81,17664.0,-0.0004516743789222576,0.002415681098003393,-0.0167320469522877,3.947016089786773e-05,0.00020937837291565,0.000346851720716975,0.0077336003421846
v82,17664.0,-0.0007527438890476961,0.005220874036414173,-0.0431339682038242,0.00013457228716032502,0.00034383289796734997,0.0006355406454855,0.0094683324552908
v83,17664.0,-0.0007948976200968283,0.00550430736294827,-0.0551438185641472,0.0001325545201453,0.00036137839998225,0.00068615490161675,0.0064341580284577
v84,17664.0,-0.00046802973784491615,0.002613787740788032,-0.02247740296099,4.340870880706511e-05,0.00020421534821975001,0.000351423649079975,0.0082601989024487
v85,17664.0,-0.00037920850247100856,0.0015891443512206969,-0.0129527421529567,-0.00045775856697435,0.00012227521910434998,0.00023628047877942502,0.0038055935102724
v86,17664.0,-0.00035576003338036634,0.0011512223644904694,-0.0089917925833355,-0.0007831212843997,9.568043993242806e-06,0.0001862352447462,0.0024909729245917
v87,17664.0,-0.0003459824185884857,0.0008908134981077988,-0.0070690063078546,-0.000779684528381525,-0.00013897024676195,0.0001830289040971,0.0026084710739152
v88,17664.0,-0.0003606158132955912,0.0008318289370897306,-0.0067061179105803,-0.0007565288871973,-0.00026883161782779996,0.00019533065584455002,0.0012014617492593
v89,17664.0,-0.0003423066822687333,0.0007338161386077237,-0.0057831755056056,-0.0007424537198111001,-0.0003131593419001,0.00021219727388155,0.0013393869325908
v90,17664.0,-0.0003539626063144997,0.0007822266768651678,-0.0059249567328601,-0.0007404152366616001,-0.00027685784744019997,0.00020204454617567502,0.0013729145766278
v91,17664.0,-0.0003400266434955854,0.000745226509495109,-0.0043418218552042,-0.0007629890666577749,-0.00029044269589319997,0.000210855422778425,0.0021768184613043
v92,17664.0,-0.00034813380832166214,0.0008747539635841344,-0.0067227371091072,-0.00079984119672665,-0.000156871424971,0.000191495452996025,0.0024454265611074
v93,17664.0,-0.00034526628901251975,0.0010484896649502486,-0.0080652713148209,-0.000787046087540425,4.835858534793513e-07,0.00018201186321405,0.003151591025728
v94,17664.0,-0.00034750564499011325,0.0014258211206385073,-0.0095106849936349,-0.00048053865413607503,0.00011423645119,0.00023848187680175002,0.0046251515591124
v95,17664.0,-0.00038633013071926847,0.0023249968350072432,-0.018441153683094,2.8370643495485848e-05,0.00021078161147275,0.000346832766743625,0.0080883625619254
v96,17664.0,-0.0006857562587349003,0.0051015576150786664,-0.0383199872482171,0.00012921270849585,0.00035905970724414997,0.00064873547761635,0.0153787155439363
v97,17664.0,-0.0007797580879569529,0.005292211013736287,-0.0454144870006982,0.000126562499864725,0.0003634454052595,0.000617374885977375,0.0096030084852027
v98,17664.0,-0.0004595230332604699,0.00244705958079617,-0.0153304833971071,2.8735664613475584e-05,0.0001999385291374,0.000348869430818525,0.0071026338426588
v99,17664.0,-0.0003781275336642883,0.0015338849069538752,-0.0125468131832076,-0.0004908135896136,0.0001159654311838,0.000238202986705175,0.0035603359366894
v100,17664.0,-0.0003512965171625578,0.001051153158255147,-0.0055536134767919,-0.0007107420262421,2.0127955203372988e-05,0.000182932473458975,0.0030881471073726
v101,17664.0,-0.000362859029716091,0.0009099035270937107,-0.0077211950583937,-0.0007865867799899499,-0.00012208646649089998,0.00017384459603805,0.0021430649687662
v102,17664.0,-0.00034151467518370713,0.0007318819646718756,-0.0041668362135705,-0.000767380677683375,-0.0002461356572416,0.00019501486201325,0.0019575761943614
v103,17664.0,-0.0003526707966956817,0.0007298748026657697,-0.00441937405998,-0.0007647203259338,-0.00027566794769340005,0.000222096081089025,0.0019516701301378
v104,17664.0,-0.0003496187298517147,0.000721579450588248,-0.0040030164088643,-0.000785075736982575,-0.00025346562475435,0.00021796711084015,0.0020275446407039
v105,17664.0,-0.00035700006377379473,0.0007842427311392597,-0.0060806038376995,-0.0007440969957629999,-0.0002832585796637,0.000200811023298125,0.0017338435640309
v106,17664.0,-0.00035265987017346574,0.0008538560034794173,-0.006401944326671,-0.0007797671674176501,-0.0001670895348634,0.00017855109498155001,0.0015005475162123
v107,17664.0,-0.0003477471491347985,0.0010330091134802967,-0.0070143836202352,-0.000723578979035725,0.0,0.000192845274043925,0.0026648353047517
v108,17664.0,-0.0003539694155178606,0.0014281945067465196,-0.0108130360330196,-0.000428785975576675,0.00011486266263095,0.000231760196419875,0.0035620345150252
v109,17664.0,-0.0004594772093573145,0.0023691622781189955,-0.014385568862686,5.782545962940144e-05,0.00020839136081679999,0.00034654329468992496,0.0080453797850802
v110,17664.0,-0.0007948976200968677,0.005504307362948263,-0.0551438185641472,0.0001325545201452,0.00036137839998215003,0.000686154901616575,0.0064341580284577
v111,17664.0,-0.0007632421240723271,0.005143951335566693,-0.0381263246084208,0.00013058735823605,0.00035394026147155,0.000631398204695725,0.0107493276944181
v112,17664.0,-0.0004631567819493935,0.0025069779043491902,-0.0221716695521409,3.407390761934678e-05,0.00020069849504655,0.00034305927773425004,0.0058396720968954
v113,17664.0,-0.0003803237601543325,0.0014513162915973947,-0.0089794824244515,-0.0004148697074377,0.0001166094184974,0.000218458698323325,0.0040712877539195
v114,17664.0,-0.000379561777255416,0.0011340269265699237,-0.0098454227750817,-0.000776591898470525,0.0,0.00017802870098685,0.0019457065824459
v115,17664.0,-0.000349895271425721,0.0008235019192179652,-0.0048319639831665,-0.0008009061622508749,-0.00015315875618970002,0.0001760392002489,0.001712429502844
v116,17664.0,-0.0003617799215677343,0.0007642628539710171,-0.0047105539567282,-0.0007901082516223,-0.0002195133659351,0.00019870952190365,0.0013370847348872
v117,17664.0,-0.0003496872547854978,0.0007598486412261799,-0.0051484345580178,-0.00078376975601725,-0.0002621966932423,0.000197793796529575,0.002034096650781
v118,17664.0,-0.00035581634378311727,0.0007720608662904546,-0.0059368019375006,-0.00077000670329195,-0.00031025728311245,0.00021362505175835,0.0015543001563088
v119,17664.0,-0.0003499846977676277,0.0007786688544410735,-0.0055774280625368,-0.000772726138885925,-0.00024844983282125,0.000189102638463875,0.0014281606554737
v120,17664.0,-0.0003417934120566984,0.0008658566015095151,-0.0061342264024701,-0.0007750130165096001,-0.00011767649256585,0.00018350641092525,0.0019695758442241
v121,17664.0,-0.00033529628188724397,0.0010700932225316568,-0.0077617867088548,-0.000748554939478,1.8685556240016776e-05,0.000187402351289725,0.0024214513886452
v122,17664.0,-0.0003739315197425388,0.001518992722511648,-0.0111309398750694,-0.000385651113571625,0.00011824369203775,0.00024258199700645001,0.0041976895662085
v123,17664.0,-0.0004680297378449099,0.0026137877407880245,-0.0224774029609898,4.3408708807021745e-05,0.00020421534821984998,0.000351423649079975,0.0082601989024489
v124,17664.0,-0.0007797580879570377,0.0052922110137362905,-0.0454144870006983,0.00012656249986455,0.00036344540525940004,0.000617374885977225,0.0096030084852025
v125,17664.0,-0.0008277471340783206,0.005718614581512813,-0.0567550716148862,0.000123144440710475,0.00035026109497375004,0.000629307809521675,0.0052303401181342
v126,17664.0,-0.00047959970488922673,0.0024084108102463563,-0.014586988626657,5.759474527196155e-05,0.00020537083066990002,0.00034598006594725,0.0063525758219675
v127,17664.0,-0.0004163481350011256,0.00159986158898327,-0.0141445149428322,-0.00050728921793225,0.000109660341087,0.00022197205746155,0.0033703090688086
v128,17664.0,-0.0003578834631848755,0.001020677974368777,-0.0068852249336584,-0.0007735893502403,-1.9912942978532466e-06,0.00018252714743515,0.0023100887383451
v129,17664.0,-0.00036504225421882697,0.0008701277461996851,-0.0057119933955013,-0.000803029484670725,-0.00015311870968119998,0.000171699146959225,0.0016098385609178
v130,17664.0,-0.0003492772302679197,0.0008829930249361304,-0.0064681796817627,-0.000803485553538875,-0.00011897064987155,0.0001708137442545,0.0026954254169716
v131,17664.0,-0.0003548741799267623,0.0008272875224602029,-0.0063036723143998,-0.0007790940773214,-0.00025166986694419996,0.00019036355165485,0.0023238380470528
v132,17664.0,-0.0003488356121661648,0.0007687083269930075,-0.0053347308583992,-0.0007524155085514,-0.00028812166999115003,0.000200264369874475,0.0021746815724558
v133,17664.0,-0.00034100815458768056,0.0007867783712034308,-0.0054588060632384,-0.00075082835075545,-0.0002692853461328,0.000186383817539625,0.002198602133191
v134,17664.0,-0.00033255148836622495,0.0008802701258981293,-0.0060476065770941,-0.0007971649797861499,-0.0001642730979458,0.00018302771526282498,0.0024035200151525
v135,17664.0,-0.00035044822714551627,0.0011018323293503236,-0.0073176695601778,-0.0007357487424947,0.0,0.00019507200396495,0.002861970757744
v136,17664.0,-0.00037920850247095234,0.0015891443512206906,-0.0129527421529565,-0.000457758566974275,0.00012227521910445,0.00023628047877945,0.0038055935102724
v137,17664.0,-0.00045952303326044045,0.0024470595807961778,-0.0153304833971071,2.873566461347732e-05,0.00019993852913750002,0.0003488694308186,0.0071026338426588
v138,17664.0,-0.000763242124072308,0.00514395133556669,-0.0381263246084208,0.000130587358236125,0.0003539402614716,0.0006313982046957,0.0107493276944179
v139,17664.0,-0.0007843836899588027,0.0055657540172047194,-0.0460154602330386,0.000118000839773875,0.0003312663402599,0.0006583313838673501,0.0113290361045643
v140,17664.0,-0.0005077592611413669,0.0027720622137957503,-0.0245257794845027,4.9266885324564594e-05,0.00019285038856835,0.00034492159352575,0.008075725307176
v141,17664.0,-0.0003771929559371411,0.001485444559950969,-0.0116254779728836,-0.000495889839127325,0.0001084272811356,0.0002231619068407,0.0049119942478403
v142,17664.0,-0.00037179570881071174,0.0011194094724275546,-0.0081874423877502,-0.0007627547212343999,-7.1811718846542805e-06,0.0001802963333734,0.0034457445279072
v143,17664.0,-0.0003503834173191443,0.001045003516085024,-0.0071807050251559,-0.000751266035547575,2.4144322631453052e-05,0.00018405177028865,0.0026340922834001
v144,17664.0,-0.0003531992914461224,0.0009105791604232537,-0.0072520803220126,-0.00079895948063885,-0.00011650648453695,0.000181348250738875,0.0017066683268043
v145,17664.0,-0.0003463238741773341,0.0007829803282175296,-0.0054943265785794,-0.00075300839859705,-0.00026435379875,0.0001896398131439,0.0016482262680476
v146,17664.0,-0.0003397976652176025,0.0007488325448928901,-0.0054300530173686,-0.0007389859098035499,-0.00027258140221535,0.0002000421263191,0.0015579225372802
v147,17664.0,-0.000332941339261242,0.0007799712362730262,-0.0058035938197377,-0.000751105760896425,-0.00025838672394335,0.0001960951369091,0.0016712356937801
v148,17664.0,-0.0003455543373035907,0.000896495044726242,-0.0067399675222713,-0.00076121815733335,-0.00014304371674325002,0.000178771715509775,0.0019500808622096
v149,17664.0,-0.00035576003338045855,0.0011512223644904568,-0.0089917925833354,-0.0007831212843996749,9.568043993046782e-06,0.000186235244745875,0.0024909729245916
v150,17664.0,-0.0003781275336643659,0.0015338849069538793,-0.0125468131832078,-0.0004908135896137,0.00011596543118389999,0.00023820298670495003,0.0035603359366894
v151,17664.0,-0.00046315678194923545,0.0025069779043492176,-0.0221716695521409,3.4073907619641686e-05,0.0002006984950467,0.000343059277734475,0.0058396720968953
v152,17664.0,-0.0008277471340783307,0.005718614581512808,-0.0567550716148863,0.00012314444071042502,0.0003502610949739,0.0006293078095215,0.0052303401181343
v153,17664.0,-0.0008437606209202246,0.005815616628735762,-0.0599998136835523,0.000113128181895925,0.0003281044905052,0.000658099758150675,0.0072629886238196
v154,17664.0,-0.0004458188095862969,0.0022759660112472236,-0.0144311616822744,5.797335371945933e-05,0.00021102708127234999,0.00033444142387075,0.0069570995654307
v155,17664.0,-0.00039332372929282275,0.0014838653654853599,-0.0098922198277416,-0.000425190819830725,0.0001033611607653,0.000227163729690375,0.003233532095055
v156,17664.0,-0.0003546265773780626,0.001431953620829436,-0.0086590142181195,-0.000511952011851125,0.0001118031847753,0.000237146686447275,0.0055002999227317
v157,17664.0,-0.00034857952166063413,0.0011152966755974328,-0.009184424854886,-0.0007566485853771,2.8999050550981842e-05,0.000183037372167,0.0038080588520173
v158,17664.0,-0.00033880495255892394,0.0008656161809951062,-0.0060331087493901,-0.0007576641498084001,-0.0001472903690069,0.00017832259617385,0.0029697584021509
v159,17664.0,-0.0003333939521877123,0.000759060238598036,-0.005345439413132,-0.000743512462877125,-0.00025400431054215,0.00019212543311125,0.0025463002116112
v160,17664.0,-0.0003288481671957676,0.0007277438229711299,-0.0049647586546059,-0.0007370637940923,-0.00027716638903605003,0.0002172245011394,0.0023759304271542
v161,17664.0,-0.00034122557374427866,0.0007682018042463485,-0.0049697298908397,-0.000739064649601825,-0.00026087330973694996,0.00018948147936037499,0.0023899119396348
v162,17664.0,-0.00034598241858851915,0.0008908134981078055,-0.0070690063078548,-0.0007796845283816001,-0.0001389702467619,0.000183028904097125,0.0026084710739152
v163,17664.0,-0.00035129651716260454,0.0010511531582551433,-0.0055536134767918,-0.0007107420262421,2.0127955203286252e-05,0.0001829324734589,0.0030881471073725
v164,17664.0,-0.0003803237601542469,0.0014513162915973828,-0.0089794824244514,-0.0004148697074377,0.0001166094184975,0.000218458698323425,0.0040712877539196
v165,17664.0,-0.00047959970488928636,0.0024084108102463545,-0.014586988626657,5.7594745271914716e-05,0.00020537083066985,0.00034598006594715,0.0063525758219674
v166,17664.0,-0.0007843836899587423,0.0055657540172047125,-0.0460154602330384,0.00011800083977395,0.00033126634026,0.00065833138386745,0.0113290361045644
v167,17664.0,-0.0006595131046185525,0.004894103016632994,-0.0359194934803652,0.00012745142955377498,0.00034554514972715,0.000612333177928725,0.0135650899190842
v168,17664.0,-0.00045248517697129995,0.002414481722808834,-0.0168824041843481,2.6860497124719943e-05,0.000200015356354,0.00033041527946105003,0.0093504881351652
v169,17664.0,-0.0004543056885598002,0.0023505766006047106,-0.0177082646513214,2.5054527378012836e-05,0.00019843342327155,0.00034701760609195,0.0052573678288821
v170,17664.0,-0.0003890668417779189,0.0015825332289217332,-0.0132500708698852,-0.00047406892510585,0.00012096028844405,0.00022910720408027502,0.0027941994442113
v171,17664.0,-0.00035782253679587326,0.0011003267746430869,-0.0085505051566767,-0.000727860799245925,2.6567959028334087e-06,0.000191739129449325,0.0027475814442336
v172,17664.0,-0.00034670049903692303,0.0008867725822843087,-0.0070894809486041,-0.000765427271814675,-0.00018224855506225,0.00018080353176375,0.0014931462471846
v173,17664.0,-0.0003420678967296354,0.0007901319545991006,-0.006432976365693,-0.0007359454760858749,-0.0002647714702945,0.000204262163678425,0.0016437607992556
v174,17664.0,-0.0003560571339271175,0.000777513686726429,-0.0063046762831226,-0.00074098827752515,-0.0002990184267033,0.000208134698089725,0.0014293031619023
v175,17664.0,-0.0003606158132957172,0.0008318289370897338,-0.0067061179105805,-0.000756528887197475,-0.0002688316178279,0.000195330655844425,0.0012014617492591
v176,17664.0,-0.0003628590297161411,0.000909903527093707,-0.0077211950583937,-0.000786586779989975,-0.000122086466491,0.000173844596038025,0.0021430649687663
v177,17664.0,-0.00037956177725535073,0.0011340269265699202,-0.0098454227750817,-0.000776591898470425,0.0,0.000178028700986925,0.0019457065824459
v178,17664.0,-0.00041634813500109123,0.0015998615889832716,-0.0141445149428321,-0.000507289217932225,0.000109660341087,0.000221972057461575,0.0033703090688086
v179,17664.0,-0.0005077592611413562,0.0027720622137957503,-0.0245257794845026,4.92668853245698e-05,0.0001928503885684,0.00034492159352585,0.008075725307176
v180,17664.0,-0.0008437606209201538,0.005815616628735774,-0.0599998136835523,0.00011312818189599999,0.0003281044905054,0.00065809975815075,0.0072629886238197
v181,17664.0,-0.0008245520412791313,0.005158901416401688,-0.0389313639105096,0.000128627851596275,0.0003524200270951,0.000619294077430325,0.0053108865035698
v182,17664.0,-0.0006491088456304599,0.00486859700547808,-0.0369807703602751,0.000130297400078875,0.0003643450470215,0.000616522401782375,0.0099045150997735
v183,17664.0,-0.00041785347095752947,0.002463276962564258,-0.0229206136205744,6.363931252903465e-05,0.0002040864850834,0.000352581793372375,0.0057780754845204
v184,17664.0,-0.00034292407649898736,0.0014310069226185522,-0.0099687425525282,-0.000369536165233175,0.00012170768719084999,0.000228438969277825,0.0043172009740947
v185,17664.0,-0.0003241938189580973,0.001019158309891011,-0.0077295020296318,-0.000728697425982925,0.0,0.00018821737615075,0.0021393703807079
v186,17664.0,-0.000320310805218477,0.0008217437611848487,-0.0056441888107952,-0.000745785037898175,-0.00012728770287190002,0.00019018191109655,0.001991629539244
v187,17664.0,-0.00033779738009891093,0.0007463957571620197,-0.0051039074527041,-0.000749674143441925,-0.00024713667810355,0.00019810928816995,0.0014341313513018
v188,17664.0,-0.00034230668226873897,0.0007338161386077248,-0.0057831755056057,-0.0007424537198111001,-0.0003131593419001,0.00021219727388155,0.0013393869325908
v189,17664.0,-0.0003415146751837292,0.0007318819646718736,-0.0041668362135705,-0.0007673806776834001,-0.00024613565724164997,0.000195014862013175,0.0019575761943615
v190,17664.0,-0.0003498952714257188,0.0008235019192179645,-0.0048319639831665,-0.0008009061622508749,-0.00015315875618970002,0.0001760392002489,0.001712429502844
v191,17664.0,-0.00035788346318486994,0.0010206779743687773,-0.0068852249336584,-0.0007735893502403,-1.991294297849777e-06,0.00018252714743515,0.0023100887383451
v192,17664.0,-0.00037719295593711824,0.0014854445599509687,-0.0116254779728835,-0.000495889839127325,0.0001084272811356,0.000223161906840725,0.0049119942478403
v193,17664.0,-0.00044581880958639993,0.0022759660112472236,-0.0144311616822745,5.797335371927371e-05,0.00021102708127219999,0.00033444142387065,0.0069570995654306
v194,17664.0,-0.0006595131046185678,0.004894103016632989,-0.0359194934803652,0.00012745142955375,0.00034554514972715,0.00061233317792865,0.0135650899190843
v195,17664.0,-0.0007611175291112913,0.005433072629507454,-0.0560943062186011,0.0001380340553779,0.0003548927388739,0.0006950992301716,0.0055284571927927
v196,17664.0,-0.00042978296161425315,0.0023408890151212277,-0.0157661403953184,6.98116499231391e-05,0.00020827869781849998,0.00034911380709225,0.0082587605334547
v197,17664.0,-0.0003536522050387478,0.0014326776889172703,-0.0110268579262853,-0.000385444597032125,0.0001197223374238,0.000227195330439375,0.0030747690974831
v198,17664.0,-0.0003335458876742612,0.0010336234985765804,-0.0068711307740195,-0.00070701711673905,1.3658388089907159e-06,0.00019194768197065002,0.0027015903500278
v199,17664.0,-0.0003503072385083236,0.0008622247685672321,-0.0058623736162523,-0.000771223521132825,-0.00017956720043085,0.000184110118608625,0.0014485814647435
v200,17664.0,-0.00035396260631451263,0.0007822266768651674,-0.0059249567328601,-0.0007404152366616001,-0.00027685784744019997,0.00020204454617567502,0.0013729145766277
v201,17664.0,-0.00035267079669569013,0.0007298748026657666,-0.00441937405998,-0.0007647203259338,-0.00027566794769340005,0.000222096081089025,0.0019516701301378
v202,17664.0,-0.00036177992156772725,0.0007642628539710149,-0.0047105539567282,-0.0007901082516223,-0.00021951336593505,0.00019870952190365,0.0013370847348872
v203,17664.0,-0.0003650422542188287,0.0008701277461996838,-0.0057119933955013,-0.000803029484670725,-0.00015311870968125,0.000171699146959225,0.0016098385609178
v204,17664.0,-0.0003717957088107241,0.001119409472427552,-0.0081874423877501,-0.000762754721234375,-7.1811718846542805e-06,0.0001802963333734,0.0034457445279071
v205,17664.0,-0.0003933237292928908,0.0014838653654853544,-0.0098922198277414,-0.000425190819830775,0.00010336116076515,0.000227163729690375,0.0032335320950548
v206,17664.0,-0.0004524851769712731,0.002414481722808837,-0.0168824041843482,2.6860497124754634e-05,0.00020001535635405,0.00033041527946105003,0.0093504881351653
v207,17664.0,-0.0008245520412790899,0.005158901416401686,-0.0389313639105098,0.000128627851596275,0.00035242002709505004,0.0006192940774304,0.00531088650357
x,17664.0,-5.148860404058697e-17,0.39911744177608993,-0.9,-0.2443457125870591,-6.123233995736766e-18,0.24434571258705864,0.9
y,17664.0,1.4078915167348e-17,0.39911744177609,-0.9,-0.24434571258705914,6.123233995736766e-18,0.24434571258705878,0.9
force,17664.0,0.49971739130434784,0.18664195220198534,0.0,0.3915,0.498,0.621,0.924
